{"cameraMode":{"drawMode":0,"name":"Shaded","section":"Shading Mode"},"sceneLighting":true,"audioPlay":false,"sceneViewState":{"showFog":false,"showMaterialUpdate":false,"showSkybox":false,"showFlares":false,"showImageEffects":false,"showParticleSystems":false},"in2DMode":false,"pivot":{"x":4.080001354217529,"y":1.4399993419647217,"z":1.0039869546890259},"rotation":{"x":0.07261809706687927,"y":0.731328010559082,"z":-0.07884688675403595,"w":0.6735525727272034},"size":1.1667261123657227,"orthographic":true}