{"cameraMode":{"drawMode":0,"name":"Shaded","section":"Shading Mode"},"sceneLighting":false,"audioPlay":false,"sceneViewState":{"showFog":false,"showMaterialUpdate":false,"showSkybox":false,"showFlares":false,"showImageEffects":false,"showParticleSystems":false},"in2DMode":false,"pivot":{"x":2.615055561065674,"y":1.3986635208129883,"z":-0.08188033103942871},"rotation":{"x":0.4672785699367523,"y":0.04505368322134018,"z":-0.02385188639163971,"w":0.8826393485069275},"size":13.448251724243164,"orthographic":true}