{"cameraMode":{"drawMode":0,"name":"Shaded","section":"Shading Mode"},"sceneLighting":true,"audioPlay":false,"sceneViewState":{"showFog":false,"showMaterialUpdate":false,"showSkybox":false,"showFlares":false,"showImageEffects":false,"showParticleSystems":false},"in2DMode":false,"pivot":{"x":2.120849609375,"y":0.56005859375,"z":0.5869140625},"rotation":{"x":0.03297504782676697,"y":0.033873267471790317,"z":-0.0011182139860466123,"w":0.9988810420036316},"size":4.939046859741211,"orthographic":true}